CREATE DATABASE IF NOT EXISTS products CHARACTER SET utf8mb4 COLLATE utf8mb4_unicode_ci;
alter database products character set utf8mb4 collate utf8mb4_unicode_ci;
USE products;
create table `displays`(
	`id` int not null auto_increment,
    `size` decimal(4,1) not null,
    `resolution` varchar(50) not null,
    `graphics` varchar(500) not null,
    `brand` varchar(1000) not null,
    primary key (`id`)
);
create table `operating_systems` (
	`id` int not null auto_increment,
    `system` varchar(200) not null,
    `distribution` varchar(500) not null,
    primary key(`id`)
);
create table `processors`(
	`id` int not null auto_increment,
    `brand` varchar(200) not null,
    `family` varchar(500) not null,
    `model` varchar(200) not null unique,
    `cores` int not null ,
    `speed` varchar(1000) not null,
    primary key(`id`)
);
create table brands (
  id int not null auto_increment,
  name varchar(50) not null unique,
  primary key (id)
);

create table `products`(
	`id` int not null auto_increment,
    `processor_id` int not null,
    `system_id` int not null,
    `display_id` int not null,
    `name` varchar(200) not null,
    `description` varchar(1000) not null,
    `price` decimal(10,2) not null,
    `discount` int null default 0,
    `stock` int not null,
    `image` varchar(2000) not null,
    `brand_id` int not null,
    `model` varchar(200) not null unique,
    `ram_capacity` int not null ,
    `disk_capacity` int not null,
    `qualification` decimal(1,1) default 0.0,
    primary key (id),
    constraint FK_processor_id foreign key (`processor_id`) references processors(`id`) on delete cascade on update cascade,
    constraint FK_system_id foreign key (`system_id`) references operating_systems(`id`) on delete cascade on update cascade,
    constraint FK_display_id foreign key (`display_id`) references displays(`id`) on delete cascade on update cascade,
    constraint FK_brand_id foreign key (`brand_id`) references brands (`id`) on delete cascade on update cascade
);
create index index_product_name on products (name);
create index index_product_model on products (model);

ALTER TABLE `products` CONVERT TO CHARACTER SET utf8mb4 COLLATE utf8mb4_unicode_ci;
ALTER TABLE `processors` CONVERT TO CHARACTER SET utf8mb4 COLLATE utf8mb4_unicode_ci;
ALTER TABLE `operating_systems` CONVERT TO CHARACTER SET utf8mb4 COLLATE utf8mb4_unicode_ci;
ALTER TABLE `displays` CONVERT TO CHARACTER SET utf8mb4 COLLATE utf8mb4_unicode_ci;
ALTER TABLE `brands` CONVERT TO CHARACTER SET utf8mb4 COLLATE utf8mb4_unicode_ci;


-- INSERTS FOR operating_systems
INSERT INTO operating_systems ( `system`, distribution) VALUES ( 'Windows', 'Windows 11 Home');
INSERT INTO operating_systems ( `system`, distribution) VALUES ( 'Windows', 'Windows 11');
INSERT INTO operating_systems ( `system`, distribution) VALUES ( 'Windows', 'Windows 11 Pro');
INSERT INTO operating_systems ( `system`, distribution) VALUES ( 'MacOs', 'MacOs Sequoia');

-- INSERTS FOR processors
INSERT INTO processors ( brand, family, model, cores, speed) VALUES ('Intel', 'Intel Core I3', 'N305', 8, 'Hasta 3,8 GHz con tecnología Intel Turbo Boost, 6 MB de caché L3, 8 núcleos y 8 subprocesos.');
INSERT INTO processors ( brand, family, model, cores, speed) VALUES ('AMD', 'Ryzen 5', '8640HS', 6, '(12T, 3.5 / 4.9GHz, 6MB L2 / 16MB L3)');
INSERT INTO processors ( brand, family, model, cores, speed) VALUES ('Intel', 'Intel Core I5', '125H', 14, 'Hasta 4.5 GHz con Intel Turbo Boost Technology, 18 MB L3 caché, 14 núcleos, 18 hilos');
INSERT INTO processors ( brand, family, model, cores, speed) VALUES ('AMD', 'Ryzen 7', '7730U', 8, 'Velocidad de ráfaga máxima de hasta 4,5 GHz, 16 MB de caché L3, 8 núcleos y 16 subprocesos');
INSERT INTO processors ( brand, family, model, cores, speed) VALUES ('Intel', 'Intel Core I5', '210H', 8, '2.2 GHz (12MB Cache, up to 4.8 GHz, 8 cores, 12 Threads)');
INSERT INTO processors ( brand, family, model, cores, speed) VALUES ('Intel', 'Intel Core I5', '13420H', 8, 'Hasta 4,6 GHz con tecnología Intel Turbo Boost,12 MB de caché L3, 8 núcleos y 12 subprocesos.');
INSERT INTO processors ( brand, family, model, cores, speed) VALUES ('AMD', 'Ryzen 7', '5825U', 8, '(8 núcleos/16 hilos, 2,0/4,5 GHz, 4 MB L2/16 MB L3)');
INSERT INTO processors ( brand, family, model, cores, speed) VALUES ('Intel', 'Intel Core I5', '1335U', 10, 'Hasta 4,6 GHz con tecnología Intel Turbo Boost, 12 MB de caché L3, 10 núcleos y 12 subprocesos. ');
INSERT INTO processors ( brand, family, model, cores, speed) VALUES ('Intel', 'Intel Core I5', '12450H', 8, '(4P + 4E) / 12T, P-core 2.0 / 4.4GHz, E-core 1.5 / 3.3GHz, 12MB');
INSERT INTO processors ( brand, family, model, cores, speed) VALUES ('Intel', 'Intel Core I5', '1334U', 10, 'Hasta 4,6 GHz con tecnología Intel Turbo Boost, 12 MB de caché L3, 10 núcleos y 12 subprocesos. ');
INSERT INTO processors ( brand, family, model, cores, speed) VALUES ('AMD', 'Ryzen 5', '7520U', 4, '2.8GHz (6MB Cache, up to 4.3GHz, 4 cores, 8 Threads)');
INSERT INTO processors ( brand, family, model, cores, speed) VALUES ('AMD', 'Ryzen 5', '7520', 4, 'Hasta 4,3 GHz, 4 MB de caché L3, 4 núcleos y 8 subprocesos.');
INSERT INTO processors ( brand, family, model, cores, speed) VALUES ('AMD', 'Ryzen 7', '7435HS', 8, '(8C/16T, 3,1/4,5 GHz, 4 MB L2/16 MB L3)');
INSERT INTO processors ( brand, family, model, cores, speed) VALUES ('Intel', 'Intel Core I5', '12450HX', 8, '(4P + 4E) / 12T, P-core hasta 4,4 GHz, E-core hasta 3,1 GHz, 12 MB');
INSERT INTO processors ( brand, family, model, cores, speed) VALUES ('Intel', 'Intel Core I3', '1215U', 6, '1.2 GHz (10M Cache, up to 4.4 GHz, 6 cores)');
INSERT INTO processors ( brand, family, model, cores, speed) VALUES ('Apple', 'APPLE M2', 'Apple M2', 8, '3.49 GHz');
INSERT INTO processors ( brand, family, model, cores, speed) VALUES ('Intel', 'Intel Core I3', 'N355', 8, 'Desde 1.9 Ghz Hasta 3.9GHz con tecnología Turbo Boost');
INSERT INTO processors ( brand, family, model, cores, speed) VALUES ('Apple', 'APPLE M4', 'Apple M4', 10, '4.3 GHz');
INSERT INTO processors ( brand, family, model, cores, speed) VALUES ('AMD', 'Ryzen 5', '8645H', 6, 'Hasta 5,0 GHz , 16 MB de caché L3, 06 núcleos y 12 subprocesos');
INSERT INTO processors ( brand, family, model, cores, speed) VALUES ('Intel', 'Intel Core I9', '185H', 16, '2.3 GHz (24MB Cache, up to 5.1 GHz, 16 cores, 22 Threads)');
INSERT INTO processors ( brand, family, model, cores, speed) VALUES ('Intel', 'Intel Core I7', '155H', 16, '4.8 Ghz');
INSERT INTO processors ( brand, family, model, cores, speed) VALUES ('AMD', 'Ryzen 9', 'HX370', 12, '2.0 GHz (36MB Cache, up to 5.1GHz, 12 cores, 24 Threads), AMD Ryzen AI up to 81 TOPs');
INSERT INTO processors ( brand, family, model, cores, speed) VALUES ('Intel', 'Intel Core I9', '275HX', 24, '2.7 GHz (36MB Cache, up to 5.4 GHz, 24 cores, 24 Threads)');

-- INSERTS FOR displays
INSERT INTO displays ( size, resolution, graphics, brand) VALUES ( 15.6, 'Full HD', 'Gráficos integrados', 'Intel Graphics');
INSERT INTO displays ( size, resolution, graphics, brand) VALUES ( 15.3, 'WUXGA', 'Gráficos integrados', 'AMD Radeon');
INSERT INTO displays ( size, resolution, graphics, brand) VALUES ( 15.6, 'Full HD', 'Gráficos integrados', 'AMD Radeon');
INSERT INTO displays ( size, resolution, graphics, brand) VALUES ( 16, 'Full HD', 'GeForce RTX 3050', 'NVIDIA');
INSERT INTO displays ( size, resolution, graphics, brand) VALUES ( 14, 'WUXGA', 'Gráficos integrados', 'AMD Radeon');
INSERT INTO displays ( size, resolution, graphics, brand) VALUES ( 15.3, 'WUXGA', 'Gráficos integrados', 'Intel Graphics');
INSERT INTO displays ( size, resolution, graphics, brand) VALUES ( 14, 'Full HD', 'Gráficos integrados', 'Intel Graphics');
INSERT INTO displays ( size, resolution, graphics, brand) VALUES ( 16, 'WUXGA', 'Gráficos integrados', 'Intel Graphics');
INSERT INTO displays ( size, resolution, graphics, brand) VALUES ( 16, 'WUXGA', 'GeForce RTX 3050', 'NVIDIA');
INSERT INTO displays ( size, resolution, graphics, brand) VALUES ( 14, 'Full HD', 'Gráficos integrados', 'AMD Radeon');
INSERT INTO displays ( size, resolution, graphics, brand) VALUES ( 15.6, 'Full HD', 'GeForce RTX 4050', 'NVIDIA');
INSERT INTO displays ( size, resolution, graphics, brand) VALUES ( 15.6, 'Full HD', 'GeForce RTX 3050', 'NVIDIA');
INSERT INTO displays ( size, resolution, graphics, brand) VALUES ( 14, 'WUXGA', 'Gráficos integrados', 'Intel Graphics');
INSERT INTO displays ( size, resolution, graphics, brand) VALUES ( 13.6, 'Retina', 'Gráficos integrados', 'Apple');
INSERT INTO displays ( size, resolution, graphics, brand) VALUES ( 13, 'Retina', 'Gráficos integrados', 'Apple');
INSERT INTO displays ( size, resolution, graphics, brand) VALUES ( 14, 'OLED', 'Gráficos integrados', 'Intel Graphics');
INSERT INTO displays ( size, resolution, graphics, brand) VALUES ( 17.3, 'Full HD', 'GeForce RTX 4060', 'NVIDIA');
INSERT INTO displays ( size, resolution, graphics, brand) VALUES ( 14, 'OLED', 'Gráficos integrados', 'Intel Graphics');
INSERT INTO displays ( size, resolution, graphics, brand) VALUES ( 16, 'WQXGA', 'GeForce RTX 4070', 'NVIDIA');
INSERT INTO displays ( size, resolution, graphics, brand) VALUES ( 14, 'Full HD', 'Iris Xe Graphics', 'Intel Graphics');
INSERT INTO displays ( size, resolution, graphics, brand) VALUES ( 15.6, 'Full HD', 'GeForce RTX 4060', 'NVIDIA');
INSERT INTO displays ( size, resolution, graphics, brand) VALUES ( 16, 'OLED', 'Gráficos integrados', 'AMD Radeon');
INSERT INTO displays ( size, resolution, graphics, brand) VALUES ( 18, 'WQXGA', 'GeForce RTX 5070 Ti', 'NVIDIA');

-- INSERTS FOR brands
INSERT INTO brands (id, name) VALUES (1, 'HP');
INSERT INTO brands (id, name) VALUES (2, 'LENOVO');
INSERT INTO brands (id, name) VALUES (3, 'ASUS');
INSERT INTO brands (id, name) VALUES (4, 'ACER');
INSERT INTO brands (id, name) VALUES (5, 'MSI');
INSERT INTO brands (id, name) VALUES (6, 'MACBOOK');
INSERT INTO brands (id, name) VALUES (7, 'ROG');

-- INSERTS FOR products
INSERT INTO products (processor_id, system_id, display_id, name, description, price, discount, stock, image, brand_id, model, ram_capacity, disk_capacity) VALUES (1, 1, 1, 'HP Intel Core I3 - 8GB', 'Con el Portátil HP 15-fd0026la, ponte en marcha con la potencia del procesador y su rápido almacenamiento SSD, conexión con los puertos que necesitas y batería de carga rápida que te ayudará a mantenerte activo durante más tiempo. Permanece conectado sin preocupaciones gracias a la rapidez del Wi-Fi 6 y visualiza a los tuyos en una amplia pantalla FHD de libre parpadeo. Las videollamadas con ellos serán de alta calidad, sin ruido exterior y con la privacidad que necesites al activar o desactivar la cámara y el micrófono. Innovamos con materiales reciclados en nuestros diseños. ¡Lleva el tuyo ya!', 3299000, 54, 10, '198122843657-001-750Wx750H.webp', 1, '15-fd0026la', 8, 512);
INSERT INTO products (processor_id, system_id, display_id, name, description, price, discount, stock, image, brand_id, model, ram_capacity, disk_capacity) VALUES (2, 1, 2, 'Lenovo AMD R5 - 24GB', 'Potencia y elegancia en un solo dispositivo¡ Descubre el rendimiento sin límites con el Portátil LENOVO IdeaPad Slim 3 potenciado con Inteligencia Artificial (AI), gracias a su procesador Serie H (16 Tops), es una opción sólida para portátiles destinados a tareas intensivas , juegos ligeros y uso diario eficiente. Ademas, combina estilo, durabilidad y conectividad. Es ideal para quienes buscan equilibrio entre rendimiento y eficiencia. ¡Hazlo tuyo ahora y supera tus expectativas!', 3999000, 40, 10, '198155958762-001-750Wx750H.webp', 2, '83KA001NLM', 24, 512);
INSERT INTO products (processor_id, system_id, display_id, name, description, price, discount, stock, image, brand_id, model, ram_capacity, disk_capacity) VALUES (3, 1, 1, 'HP Intel Core I5 - 16GB', 'Con el Portátil HP 15-fd1255la, mantente productivo y entretenido desde cualquier lugar gracias a la batería de larga duración potenciado con Inteligencia Artificial (IA). Aprecia más en la pantalla gracias al bisel con microbordes. Un diseño fino y ligero te permite llevar este portátil a cualquier lugar con facilidad. Supera los días de mayor actividad gracias al desempeño de su procesador eficiente y gran capacidad de almacenamiento. Completa tus tareas con rapidez gracias al alto desempeño, la capacidad de respuesta y la conectividad que te ofrece su excelente configuración. ¡Lleva el tuyo ya!', 4999000, 50, 10, '199251256417-003-750Wx750H.webp', 1, '15-fd1255la', 16, 512);
INSERT INTO products (processor_id, system_id, display_id, name, description, price, discount, stock, image, brand_id, model, ram_capacity, disk_capacity) VALUES (4, 1, 3, 'HP AMD R7 - 16GB', '¡Diseñada para tu vida híbrida! Lleva tu productividad y estilo a otro nivel con este portátil de diseño elegante, fabricada con materiales reciclados. Potenciado por un procesador AMD y gráficos AMD Radeon, ofrece un rendimiento ágil y visuales sorprendentes. Disfruta de videollamadas dinámicas, amplio almacenamiento y conexión ultrarrápida con WiFi 6. Haz más, desde donde quieras, cuando quieras.', 4599000, 48, 10, '198990787145-001-750Wx750H.webp', 1, '15-fc0276la', 16, 1000);
INSERT INTO products (processor_id, system_id, display_id, name, description, price, discount, stock, image, brand_id, model, ram_capacity, disk_capacity) VALUES (5, 1, 4, 'ASUS TUF Intel Core I5 - 16GB', 'El ASUS FX607VJ-RL165W es pura energía contenida en una carcasa imponente. Pensado para los gamers que buscan más que velocidad: buscan inmersión total. Su potencia gráfica no solo impresiona, sino que envuelve, haciendo que cada partida se sienta real, vibrante y desafiante. Con un diseño robusto y agresivo, este equipo no es solo una herramienta de juego: es una declaración de poder, una extensión de tu instinto competitivo y tu pasión por dominar cada escenario.', 5899000, 40, 10, '4711636030427-001-750Wx750H.webp', 3, 'FX607VJ-RL165W', 16, 512);
INSERT INTO products (processor_id, system_id, display_id, name, description, price, discount, stock, image, brand_id, model, ram_capacity, disk_capacity) VALUES (4, 2, 5, 'ASUS Vivobook AMD R7 - 16GB', 'El portátil ASUS M1405YA-LY293W es una joya de portabilidad con un corazón poderoso. Ideal para los que viven en movimiento, ofrece rendimiento, durabilidad y una experiencia de uso tan cómoda como eficiente. Ya sea en clase, en una reunión o en tu rincón creativo, responde con agilidad y elegancia. Con cada detalle cuidado y cada respuesta precisa, este ASUS se convierte en ese aliado silencioso pero esencial que entiende lo que necesitas, justo cuando lo necesitas.', 4699000, 48, 10, '4711636049719-003-750Wx750H.webp', 3, 'M1405YA-LY293W', 16, 512);
INSERT INTO products (processor_id, system_id, display_id, name, description, price, discount, stock, image, brand_id, model, ram_capacity, disk_capacity) VALUES (6, 1, 6, 'LENOVO IdeaPad Intel Core I5 - 16GB', 'En el portátil LENOVO IdeaPad Slim 3 Azul, encuentra todo el rendimiento que necesitas, un portátil elegante que cubre tus necesidades gracias a su combinación precisa de procesador serie H, amplia Ram y almacenamiento en estado sólido, es perfecto para tareas exigentes, con un diseño extraordinario y duradero, este equipo superará tus expectativas. Así mismo, te brindará interacción sorprendente gracias a su pantalla táctil y conectividad premium.', 3899000, 41, 10, '198158432276-001-750Wx750H.webp', 2, '83K100HFLM', 16, 512);
INSERT INTO products (processor_id, system_id, display_id, name, description, price, discount, stock, image, brand_id, model, ram_capacity, disk_capacity) VALUES (3, 2, 7, 'HP Intel Core I5 - 8GB', 'Con el Portátil HP 14-Ep1001la, mantente productivo y entretenido desde cualquier lugar gracias a la batería de larga duración y la pantalla con microbordes. Aprecia más en la pantalla gracias al bisel con microborde de 6,5 mm. Un diseño fino y ligero te permite llevar este portátil a cualquier lugar con facilidad. Supera los días de mayor actividad gracias al desempeño de su procesador eficiente y gran capacidad de almacenamiento. Completa tus tareas con rapidez gracias al alto desempeño, la capacidad de respuesta y la conectividad que te ofrece su excelente configuración.', 3999000, 45, 10, '198415103550-001-750Wx750H.webp', 1, '14-Ep1001la', 8, 512);
INSERT INTO products (processor_id, system_id, display_id, name, description, price, discount, stock, image, brand_id, model, ram_capacity, disk_capacity) VALUES (6, 1, 8, 'ASUS Vivobook Intel Core I5 - 16GB', 'ASUS Vivobook X1605 te ayuda a completar todas tus tareas más rápido que nunca, ya sea en el trabajo, en casa o fuera de casa . Es la herramienta perfecta para quienes buscan potenciar sus días con estilo y eficiencia. Su amplia pantalla de 16" te sumerge en imágenes vibrantes y detalladas, mientras que el potente procesador Intel Core i5 aseguran un rendimiento fluido incluso en las tareas más exigentes. Su diseño elegante combina sofisticación y practicidad, ideal para quienes buscan superar límites con un portátil confiable y moderno.', 3799000, 42, 10, '4711387799109-001-750Wx750H.webp', 3, 'X1605VA-MB1193W', 16, 512);
INSERT INTO products (processor_id, system_id, display_id, name, description, price, discount, stock, image, brand_id, model, ram_capacity, disk_capacity) VALUES (7, 1, 3, 'LENOVO IdeaPad AMD R7 - 16GB', 'El LENOVO IdeaPad Slim 3 es el compañero perfecto para tu día a día. Su diseño delgado y ligero te brinda comodidad y facilidad de transporte, mientras que su amplia pantalla antirreflejo te permite disfrutar de una visión clara desde cualquier ángulo. Experimenta el equilibrio perfecto entre potencia y eficiencia. Activa el Modo Máximo cuando necesites el máximo rendimiento, y cambia al Modo Sigiloso para disfrutar de un funcionamiento más silencioso con mayor duración de batería.', 4099000, 48, 10, '198157260429-001-750Wx750H.webp', 2, '82XM00W0LM', 16, 512);
INSERT INTO products (processor_id, system_id, display_id, name, description, price, discount, stock, image, brand_id, model, ram_capacity, disk_capacity) VALUES (8, 2, 7, 'HP Pavilion Intel Core I5 - 8GB', 'El portátil HP Pavilion x360 está diseñado para ofrecer flexibilidad. Encuentra el ángulo perfecto girando la pantalla 360° y sumérgete en el entretenimiento inmersivo con altavoces de calidad con ajuste personalizado y disfruta de sonido inmersivo con audio de B&O. Mantente conectado de forma fiable y con un potente procesador. Con HP Network Booster puedes disfrutar de un gran desempeño en tú Portátil Pavilion. Además, esta laptop está fabricada con materiales reciclados. Potencia tú movilidad y creatividad sin inconvenientes en cualquier lugar.', 4499000, 50, 10, '198990192536-001-750Wx750H.webp', 1, '14-ek1011la', 8, 512);
INSERT INTO products (processor_id, system_id, display_id, name, description, price, discount, stock, image, brand_id, model, ram_capacity, disk_capacity) VALUES (1, 1, 1, 'ASUS Vivobook Intel Core I3 - 8GB', 'La ASUS Vivobook Go 15 es liviana, es compacta, diseñada para que seas productivo y te mantengas entretenido donde quiera que vayas. Con su bisagra plana de 180°, el protector físico de la cámara web y un montón de características de diseño bien pensadas, incluida una hermosa pantalla con bordes ultradelgados.', 3269000, 51, 10, '4711387562987-003-750Wx750H.webp', 3, 'E1504GA-NJ531W', 8, 512);
INSERT INTO products (processor_id, system_id, display_id, name, description, price, discount, stock, image, brand_id, model, ram_capacity, disk_capacity) VALUES (6, 1, 8, 'ASUS Vivobook Intel Core I5 - 8GB', 'ASUS Vivobook X1605 está diseñado para quienes sueñan en grande, te ayuda a completar todas tus tareas más rápido que nunca, ya sea en el trabajo, en casa o fuera de casa . Es la herramienta perfecta para quienes buscan potenciar sus días con estilo y eficiencia. Su amplia pantalla de 16" te sumerge en imágenes vibrantes y detalladas, mientras que el potente procesador Intel Core i5 aseguran un rendimiento fluido incluso en las tareas más exigentes. Su diseño elegante combina sofisticación y practicidad, ideal para quienes buscan superar límites con un portátil confiable y moderno convirtiéndolo en tu compañero perfecto para alcanzar nuevos horizontes', 3799000, 47, 10, '4711387805114-001-750Wx750H.webp', 3, 'X1605VA-MB1625W', 8, 1000);
INSERT INTO products (processor_id, system_id, display_id, name, description, price, discount, stock, image, brand_id, model, ram_capacity, disk_capacity) VALUES (9, 1, 7, 'Lenovo IdeaPad Intel Core I5 - 8GB', 'En el portátil LENOVO IdeaPad Slim 3 color gris, encontrarás todo el rendimiento que necesitas. Este portátil accesible cubre todas tus necesidades con su generosa combinación de memoria RAM y almacenamiento en estado sólido, perfecto para tus tareas diarias. Con un diseño extraordinario, este equipo superará tus expectativas. Además, te brindará un entretenimiento superior gracias a su sonido Dolby Audio, y te sentirás seguro con su obturador de privacidad en la cámara. Cuando termines tus reuniones o videollamadas, solo tienes que cerrarlo.', 3299000, 43, 10, '197532269811-004-750Wx750H.webp', 2, '83EQ001NLM', 8, 512);
INSERT INTO products (processor_id, system_id, display_id, name, description, price, discount, stock, image, brand_id, model, ram_capacity, disk_capacity) VALUES (10, 2, 1, 'HP Intel Core I5 - Windows - 16GB', 'Con el portátil 15-fd0024la conéctate fácilmente con las actividades del día a día. Desde sus herramientas colaborativas, sorprendente visualización, conexión rápida con Wi-Fi 6, amplio almacenamiento y potente procesador. Su diseño renovado el cual integra materiales reciclados y una cámara segura de alta resolución, harás libremente todo lo que quieras. Visualiza a los tuyos en una amplia pantalla FHD de libre parpadeo. Las videollamadas con ellos serán de alta calidad, sin ruido exterior y con la privacidad que necesites al activar o desactivar la cámara y el micrófono.', 4999000, 58, 10, '198990016412-003-750Wx750H.webp', 1, '15-fd0024la', 16, 512);
INSERT INTO products (processor_id, system_id, display_id, name, description, price, discount, stock, image, brand_id, model, ram_capacity, disk_capacity) VALUES (10, 1, 1, 'HP Intel Core I5 - 16GB', 'Con tú HP Portátil 15-fd0263la, conéctate fácilmente con las actividades del día a día. Desde sus herramientas colaborativas, sorprendente visualización, conexión rápida con Wi-Fi 6, amplio almacenamiento y avanzado procesador, conexión con los puertos que necesitas y batería de carga rápida que te ayudará a mantenerte activo durante más tiempo. Cámara segura de alta resolución, harás libremente todo lo que quieras. Desde eficiencia energética hasta el uso de materiales reciclados, utilizamos un diseño circular para crear el portafolio de PCs más sustentables de la industria', 3999000, 40, 10, '198990787503-001-750Wx750H.webp', 1, '15-fd0263la', 16, 1000);
INSERT INTO products (processor_id, system_id, display_id, name, description, price, discount, stock, image, brand_id, model, ram_capacity, disk_capacity) VALUES (11, 3, 3, 'ASUS Vivobook AMD R5 - 16GB', 'El ASUS Vivobook Go 15 es liviano, compacto diseñado para que seas productivo y te mantengas entretenido donde quiera que vayas. Incluye una hermosa pantalla con bordes ultradelgados para una experiencia verdaderamente atractiva.', 3999000, 45, 10, '4711387480731-001-750Wx750H.webp', 3, 'E1504FA-NJ1092W', 16, 1000);
INSERT INTO products (processor_id, system_id, display_id, name, description, price, discount, stock, image, brand_id, model, ram_capacity, disk_capacity) VALUES (6, 1, 6, 'Lenovo IdeaPad Intel Core I5 - 8GB', 'Descubre el LENOVO IdeaPad Slim 3 Azul. Su pantalla táctil y conectividad premium te ofrecen una interacción sorprendente, mientras que su diseño duradero y elegante lo convierte en el compañero ideal para tu día a día, un portátil que combina rendimiento y tecnología avanzada para superar tus expectativas. Además, disfruta de tranquilidad total con su obturador de privacidad en la cámara, permitiéndote cerrar el lente cuando termines tus videollamadas. Imagina trabajar sin interrupciones y disfrutar de una experiencia única en cada uso.', 3699000, 45, 10, '198155958892-003-750Wx750H.webp', 2, '83K1005GLM', 8, 512);
INSERT INTO products (processor_id, system_id, display_id, name, description, price, discount, stock, image, brand_id, model, ram_capacity, disk_capacity) VALUES (6, 1, 9, 'Acer Nitro Intel Core I5 - 16GB', 'ACER te invita a disfrutar el portátil gaming Nitro diseñado para jugar, navegar, chatear, transmitir, editar y grabar sin perder el ritmo. Lleva tu experiencia de juego a otro nivel desde cualquier lugar gracias a su diseño ultra delgado te permitirá seguir conectado. Además, tendrás una potente pantalla WUXGA con tarjeta gráfica RTX-3050 para colores más vibrantes, gráficos más realistas y envolventes, tus partidas serán fluidas e inigualables.', 5699000, 36, 10, '4711474491305-001-750Wx750H.webp', 4, 'NL16-71G-56QE', 16, 512);
INSERT INTO products (processor_id, system_id, display_id, name, description, price, discount, stock, image, brand_id, model, ram_capacity, disk_capacity) VALUES (11, 1, 1, 'Lenovo IdeaPad AMD R5 - 16GB', 'El LENOVO IdeaPad Slim 3 es el portátil perfecto para sus tareas diarias, con funciones en las que puede confiar, experimente el entretenimiento como nunca en un dispositivo delgado y ligero, con mayor área de visualización y antirreflejo. Mantenga su privacidad con el obturador físico de su cámara web. Cambia sin esfuerzo del “Modo máximo”, donde tu CPU tomará el control y te ofrecerá el rendimiento más rápido, al “Modo sigiloso” para disfrutar de una experiencia de usuario más silenciosa y una mayor duración de la batería.', 3429000, 38, 10, '196803810387-001-750Wx750H.webp', 2, '82XQ000BLM', 16, 512);
INSERT INTO products (processor_id, system_id, display_id, name, description, price, discount, stock, image, brand_id, model, ram_capacity, disk_capacity) VALUES (12, 2, 10, 'HP AMD R5 - 8GB', 'La potencia que necesitas día a día, portátil HP de 14" está diseñado para cuando la vida se vuelve real. Supera los días de mayor actividad gracias a su procesador eficiente y gran capacidad de almacenamiento. Completa tus tareas con rapidez gracias al alto desempeño, la capacidad de respuesta y la conectividad que te ofrece su excelente configuración para que siempre estés preparado, donde quiera que vayas. Mantente en contacto con tus amigos gracias a la tecla Emoji, la cámara de alta resolución, una resolución vibrante y micrófonos dobles.', 3599000, 50, 10, '198122843992-003-750Wx750H.webp', 1, '14-em0017la', 8, 512);
INSERT INTO products (processor_id, system_id, display_id, name, description, price, discount, stock, image, brand_id, model, ram_capacity, disk_capacity) VALUES (13, 1, 11, 'Lenovo Loq AMD R7 - 24GB', 'Con LENOVO Gaming LOQ es hora de llevar su experiencia de juego más allá del ámbito de normal, destacara entre su círculo de juegos, proyecta una confianza serena con imágenes nítidas y una jugabilidad fluida que se mantiene fresca ya que cuenta con un sistema térmico perfecto para soportar altas temperaturas mientras vives una experiencia de juego más silenciosa. Además, cuenta con la función Q Control, que permite a los usuarios ajustar la velocidad del ventilador del modo silencioso al modo equilibrado, asegurándote que disfrutes de tus juegos favoritos como nunca, lleva el tuyo ahora', 6399000, 29, 10, '198153766598-001-750Wx750H.webp', 2, '83JC004ULM', 24, 512);
INSERT INTO products (processor_id, system_id, display_id, name, description, price, discount, stock, image, brand_id, model, ram_capacity, disk_capacity) VALUES (6, 1, 8, 'ASUS Vivobook Intel Core I5 - 16GB', 'ASUS Vivobook X1605 te ayuda a completar todas tus tareas más rápido que nunca, ya sea en el trabajo, en casa o fuera de casa . Es la herramienta perfecta para quienes buscan potenciar sus días con estilo y eficiencia. Su amplia pantalla de 16" te sumerge en imágenes vibrantes y detalladas, mientras que el potente procesador Intel Core i5 aseguran un rendimiento fluido incluso en las tareas más exigentes. Su diseño elegante combina sofisticación y practicidad, ideal para quienes buscan superar límites con un portátil confiable y moderno', 3899000, 42, 10, '4711387816950-004-750Wx750H.webp', 3, 'X1605VA-MB1639W', 16, 512);
INSERT INTO products (processor_id, system_id, display_id, name, description, price, discount, stock, image, brand_id, model, ram_capacity, disk_capacity) VALUES (11, 2, 10, 'HP AMD R5 - 16GB', 'La potencia que necesitas día a día, portátil HP de 14" está diseñado para cuando la vida se vuelve real. Supera los días de mayor actividad gracias a su procesador eficiente y gran capacidad de almacenamiento. Completa tus tareas con rapidez gracias al alto desempeño, la capacidad de respuesta y la conectividad que te ofrece su excelente configuración para que siempre estés preparado, donde quiera que vayas. Mantente en contacto con tus amigos gracias a la tecla Emoji, la cámara de alta resolución, una resolución vibrante y micrófonos dobles.', 3729000, 43, 10, '198415262431-001-750Wx750H.webp', 1, '14-Em0021la', 16, 512);
INSERT INTO products (processor_id, system_id, display_id, name, description, price, discount, stock, image, brand_id, model, ram_capacity, disk_capacity) VALUES (14, 1, 12, 'Lenovo Loq Intel Core I5 - 24GB', 'Con LENOVO Gaming LOQ es hora de llevar su experiencia de juego más allá del ámbito de normal, destacara entre su círculo de juegos, proyecta una confianza serena con imágenes nítidas y una jugabilidad fluida que se mantiene fresca ya que cuenta con un sistema térmico perfecto para soportar altas temperaturas mientras vives una experiencia de juego más silenciosa. Además, cuenta con la función Q Control, que permite a los usuarios ajustar la velocidad del ventilador del modo silencioso al modo equilibrado, asegurándote que disfrutes de tus juegos favoritos como nunca.', 5499000, 30, 10, '198153728671-001-750Wx750H.webp', 2, '83GS00DSLM', 24, 512);
INSERT INTO products (processor_id, system_id, display_id, name, description, price, discount, stock, image, brand_id, model, ram_capacity, disk_capacity) VALUES (15, 1, 1, 'ASUS Vivobook Intel Core I3 - 8GB', 'Con ASUS Vivobook 15 cubre tus necesidades y convierte las tareas cotidianas en algo especial, tu herramienta esencial para hacer las cosas más fácilmente, en cualquier lugar. Es completamente fácil de usar que se adapta a tu estilo de vida. Te sentirás seguro gracias a ASUS Antimicrobial Guard Plus que protege las superficies que se tocan con frecuencia de bacterias dañinas, salvaguardando tu salud.', 3329000, 48, 10, '4711387599181-002-750Wx750H.webp', 3, 'X1504ZA-NJ1404W', 8, 1000);
INSERT INTO products (processor_id, system_id, display_id, name, description, price, discount, stock, image, brand_id, model, ram_capacity, disk_capacity) VALUES (6, 1, 6, 'Lenovo IdeaPad Intel Core I5 - 8GB', 'Descubre el LENOVO Ideapad Slim 3 Verde. Su pantalla táctil y conectividad premium te ofrecen una interacción sorprendente, mientras que su diseño duradero y elegante lo convierte en el compañero ideal para tu día a día, un portátil que combina rendimiento y tecnología avanzada para superar tus expectativas. Además, disfruta de tranquilidad total con su obturador de privacidad en la cámara, permitiéndote cerrar la lente cuando termines tus videollamadas. Imagina trabajar sin interrupciones y disfrutar de una experiencia única en cada uso.', 3699000, 45, 10, '198155958915-001-750Wx750H.webp', 2, '83K1005JLM', 8, 512);
INSERT INTO products (processor_id, system_id, display_id, name, description, price, discount, stock, image, brand_id, model, ram_capacity, disk_capacity) VALUES (6, 1, 12, 'HP Intel Core I5 - 16GB', '¡Desata tu poder gamer con la HP Victus 15”! Rendimiento brutal con procesador Intel y gráficos dedicado para que juegues sin límites. Pantalla ultra fluida de 15.6” a 144Hz, audio envolvente, teclado retroiluminado y diseño moderno. Con carga rápida, Wi-Fi veloz y materiales sustentables.', 6999000, 48, 10, '198990788456-001-750Wx750H.webp', 1, '15-fa2014la', 16, 512);
INSERT INTO products (processor_id, system_id, display_id, name, description, price, discount, stock, image, brand_id, model, ram_capacity, disk_capacity) VALUES (6, 2, 11, 'MSI Thin Intel Core I5 - 16GB', '¡Descubre el poder de un verdadero gamer en el cuerpo compacto del MSI Thin 13VE! Un equipo portátil ligero fácil de llevar en su morral. Impulsado por una tarjeta gráfica NVIDIA que eleva tu experiencia visual sin preocuparse por las temperaturas o el ruido. ¡Ideal para gaming, estudio y llevar tus proyectos profesionales al siguiente nivel con tecnología Intel Core! ', 6299000, 31, 10, '4711377299879-001-750Wx750H.webp', 5, '9S7-16R831-3010', 16, 512);
INSERT INTO products (processor_id, system_id, display_id, name, description, price, discount, stock, image, brand_id, model, ram_capacity, disk_capacity) VALUES (6, 1, 6, 'Lenovo IdeaPad Intel Core I5 - 24GB', 'En el portátil LENOVO IdeaPad Slim 3 color Gris, encuentra todo el rendimiento que necesitas, un portátil elegante que cubre tus necesidades gracias a su combinación precisa de procesador serie H, amplia Ram y almacenamiento en estado sólido, es perfecto para tareas exigentes, con un diseño extraordinario y duradero, este equipo superará tus expectativas. Así mismo, te brindará interacción sorprendente gracias a su pantalla táctil y conectividad premium. Te sentirás seguro gracias a su obturador de privacidad en su cámara, cuando termines tus videollamadas solo tienes que cerrarlo.', 4499000, 26, 10, '198156834959-001-750Wx750H.webp', 2, '83K100C2LM', 24, 1000);
INSERT INTO products (processor_id, system_id, display_id, name, description, price, discount, stock, image, brand_id, model, ram_capacity, disk_capacity) VALUES (6, 1, 13, 'Lenovo IdeaPad Intel Core I5 - 32GB', 'El portátil LENOVO IdeaPad Slim 5 está diseñado para acompañarte en tu camino hacia la cima. Impresionantemente fino y ligero, ofrece una movilidad extrema sin sacrificar rendimiento. Con una potente combinación de procesador seri H, memoria y almacenamiento SSD, es perfecto para realizar tus tareas más exigentes. Además, brinda un entretenimiento superior gracias a su sonido Dolby Audio y su excelente pantalla, permitiéndote disfrutar de imágenes nítidas y envolventes. Para mayor seguridad, cuenta con un obturador de privacidad en la cámara.', 4699000, 23, 10, '198156806000-001-750Wx750H.webp', 2, '83HR005PLM', 32, 1000);
INSERT INTO products (processor_id, system_id, display_id, name, description, price, discount, stock, image, brand_id, model, ram_capacity, disk_capacity) VALUES (11, 1, 3, 'ASUS Vivobook AMD R5 - 8GB', 'La ASUS Vivobook Go 15 es liviana, es compacta, diseñada para que seas productivo y te mantengas entretenido donde quiera que vayas. Con su bisagra plana de 180°, el protector físico de la cámara web y un montón de características de diseño bien pensadas, incluida una hermosa pantalla con bordes ultradelgados, ¡Vivobook Go 15 es un portátil que te permite hacer todo!', 3149000, 46, 10, '4711387322925-001-750Wx750H.webp', 3, 'E1504FA-NJ748W', 8, 512);
INSERT INTO products (processor_id, system_id, display_id, name, description, price, discount, stock, image, brand_id, model, ram_capacity, disk_capacity) VALUES (14, 1, 11, 'Lenovo Loq Intel Core I5 - 16GB', 'Sumérgete en el mundo del gaming y la productividad con inteligencia artificial, gracias a los equipos Lenovo LOQ, portátiles diseñadas para desafiar los límites. Con procesadores de alto rendimiento y gráficas NVIDIA GeForce RTX, disfrutarás de una experiencia fluida en juegos, creación de contenido y trabajo. Su tecnología Lenovo AI Engine+ optimiza el rendimiento, mientras su refrigeración mantiene la temperatura bajo control. Con un diseño robusto y minimalista, estas portátiles ofrecen resistencia de grado militar, versatilidad y comodidad para cada partida.', 5299010, 30, 10, '198155100918-003-750Wx750H.webp', 2, '83LK001LLM', 16, 512);
INSERT INTO products (processor_id, system_id, display_id, name, description, price, discount, stock, image, brand_id, model, ram_capacity, disk_capacity) VALUES (16, 4, 14, 'MacBook Air APPLE M2 - MacOS', 'La MacBook Air de 13" es la compañera ideal para trabajar y divertirse al máximo. Con la llegada del chip M2 es capaz de hacer cosas aún más increíbles. Está diseñada para Apple Intelligence, que te ayuda a expresarte y hacer de todo con mucha facilidad. Y como su batería dura hasta 18 horas, puede arrasar con cualquier tarea en cualquier lugar. Es superligera y tiene poco más de un centímetro de grosor. La MacBook Air con chip M2 encaja a la perfección en tu vida y en la vida del planeta. Está hecha con materiales reciclados, todo un hito para Apple.', 5299010, 15, 10, '195949899829-001-750Wx750H.webp', 6, 'MC7W4E/A', 16, 256);
INSERT INTO products (processor_id, system_id, display_id, name, description, price, discount, stock, image, brand_id, model, ram_capacity, disk_capacity) VALUES (17, 1, 13, 'Acer Aspire Intel Core I3 - 8GB', 'Acer trae para ti su línea de portátiles Aspire, diseñados con tecnología innovadora para la multitarea y la productividad. Gracias a su facilidad de uso, el Aspire es ideal para toda la familia, está enfocado en el rendimiento y en tu día a día. Perfecto para sacar más partido al trabajo y estudio. Con su elegante cubierta metálica, el Aspire es más ligero y delgado que nunca. Además, la batería de larga duración permite que la familia pueda hacer más entre carga y carga.', 2999000, 45, 10, '4711474459503-001-750Wx750H.webp', 4, 'AL14-32P-30LC', 8, 512);
INSERT INTO products (processor_id, system_id, display_id, name, description, price, discount, stock, image, brand_id, model, ram_capacity, disk_capacity) VALUES (18, 4, 15, 'MacBook Air APPLE M4 - MacOS', 'Descubre el MacBook Air con chip M4 y tendrás toda la velocidad que necesitas para trabajar y jugar. Diseñado para Apple Intelligence. Escribir, expresarte y organizarte nunca había sido tan fácil. Su diseño ultradelgado y liviano esconde una potencia excepcional y te ofrece hasta 18 horas de batería, para que trabajes y crees sin interrupciones. Además, su pantalla de alta resolución y su elegante acabado hacen que cada tarea sea un placer. El MacBook Air se adapta a tu ritmo y estilo de vida listo para seguirte donde vayas y enfrentarse a lo que sea.', 5879010, 0, 10, '195949838019-001-750Wx750H.webp', 6, 'MW123E/A', 16, 256);
INSERT INTO products (processor_id, system_id, display_id, name, description, price, discount, stock, image, brand_id, model, ram_capacity, disk_capacity) VALUES (11, 1, 3, 'Lenovo IdeaPad AMD R5 - 8GB', 'En el portátil LENOVO IdeaPad Slim 3 color Azul, encuentra todo el rendimiento que necesitas, un portátil accesible que cubre tus necesidades, su combinación generosa de memoria Ram y almacenamiento en estado solido, es perfecto para tus tareas diarias, con un diseño extraordinario, este equipo superará tus expectativas. Así mismo, te brindará un entretenimiento superior gracias a su sonido Dolby Audio, y te sentirás seguro gracias a su obturador de privacidad en su cámara, cuando termines tus reuniones o videollamadas solo tienes que cerrarlo.', 3099000, 41, 10, '196804839974-001-750Wx750H.webp', 2, '82XQ0063LM', 8, 512);
INSERT INTO products (processor_id, system_id, display_id, name, description, price, discount, stock, image, brand_id, model, ram_capacity, disk_capacity) VALUES (19, 2, 12, 'HP Victus AMD R5 - 8GB', 'El portátil gamer Victus by HP tiene todo lo que necesita para jugar y gestionar tus tareas diarias respetando el medio ambiente gracias a los materiales reciclados de origen oceánico y plástico posconsumo, que lo integran. Manten la temperatura ideal en cada juego con el sistema de refrigeración mejorado y lleva tu experiencia de juego más allá controlando ajustes de rendimiento, opciones de iluminación y más gracias a OMEN Gaming Hub.', 5499000, 36, 10, '198122718313-001-750Wx750H.webp', 1, '15-Fb2002la', 8, 512);
INSERT INTO products (processor_id, system_id, display_id, name, description, price, discount, stock, image, brand_id, model, ram_capacity, disk_capacity) VALUES (3, 1, 16, 'Lenovo Yoga Slim 7 Intel Core I5 - 16GB', 'Aprovecha la máxima libertad creativa con el Yoga Slim 7i Aura Edition. INTEL y LENOVO, líderes en tecnología de vanguardia, se unen para ofrecerte la máxima innovación en inteligencia artificial (IA). Diseñado para creativos en movimiento, este portátil de 14" con pantalla OLED integra un potente procesador Intel Core Ultra, una NPU inteligente que aprende de ti y una excelente duración de batería de hasta 22 horas. Ligero, elegante y potente, es tu asistente personal, compañero de proyectos y aliado perfecto en cada viaje.', 5199000, 25, 10, '197531167644-001-750Wx750H.webp', 2, '83CV000KLM', 16, 1000);
INSERT INTO products (processor_id, system_id, display_id, name, description, price, discount, stock, image, brand_id, model, ram_capacity, disk_capacity) VALUES (6, 1, 13, 'Acer Aspire Go Intel Core I5 - 8GB', 'Conoce la ACER Aspire Go, un portátil fácil de usar equipado con todos los elementos fundamentales que mantienen las cosas simples para que puedas sobresalir en todo lo que haces. Garantiza un desempeño eficaz y multitarea sin interrupciones. Además, disfruta de una mayor productividad con una duración excepcional de la batería. Aspire go es ideal para toda la familia, está enfocado en el rendimiento y en tu día a día. ', 3699000, 47, 10, '4711474461735-001-750Wx750H.webp', 4, 'AG14-71P-530T', 8, 512);
INSERT INTO products (processor_id, system_id, display_id, name, description, price, discount, stock, image, brand_id, model, ram_capacity, disk_capacity) VALUES (16, 4, 14, 'MacBook Air APPLE M2 - MacOS', 'La MacBook Air de 13" es la compañera ideal para trabajar y divertirse al máximo. Con la llegada del chip M2 es capaz de hacer cosas aún más increíbles. Está diseñada para Apple Intelligence, que te ayuda a expresarte y hacer de todo con mucha facilidad. Y como su batería dura hasta 18 horas, puede arrasar con cualquier tarea en cualquier lugar. Es superligera y tiene poco más de un centímetro de grosor. La MacBook Air con chip M2 encaja a la perfección en tu vida y en la vida del planeta.', 5299010, 15, 10, '195949900273-001-750Wx750H.webp', 6, 'MC7X4E/A', 0, 256);
INSERT INTO products (processor_id, system_id, display_id, name, description, price, discount, stock, image, brand_id, model, ram_capacity, disk_capacity) VALUES (13, 1, 17, 'ASUS TUF AMD R7 - 16GB', 'El ASUS TUF Gaming A17 FA707NVR-HX012W es una máquina que late al ritmo de tus pasiones. Armado con la vitalidad necesaria para plantar cara a cualquier situación, el TUF Gaming ofrece un rendimiento fiable para jugar, transmitir streamings y todo lo demás. Equipado con procesadores AMD Ryzen, ofrece un rendimiento multitarea sin concesiones. La GPU GeForce RTX dedicada permite disfrutar de una gran variedad de juegos populares a velocidades de cuadro más altas. Más que un portátil, es tu aliado para alcanzar nuevas alturas.', 7299000, 21, 10, '4711636000789-001-750Wx750H.webp', 3, 'FA707NVR-HX012W', 16, 1000);
INSERT INTO products (processor_id, system_id, display_id, name, description, price, discount, stock, image, brand_id, model, ram_capacity, disk_capacity) VALUES (18, 4, 15, 'MacBook APPLE M4 - MacOS', 'Descubre el MacBook Air con chip M4 y tendrás toda la velocidad que necesitas para trabajar y jugar. Diseñado para Apple Intelligence. Escribir, expresarte y organizarte nunca había sido tan fácil. Su diseño ultradelgado y liviano esconde una potencia excepcional y te ofrece hasta 18 horas de batería, para que trabajes y crees sin interrupciones. Además, su pantalla de alta resolución y su elegante acabado hacen que cada tarea sea un placer. El MacBook Air se adapta a tu ritmo y estilo de vida listo para seguirte donde vayas y enfrentarse a lo que sea.', 5879010, 0, 10, '195949890147-001-750Wx750H.webp', 6, 'MC6T4E/A', 16, 256);
INSERT INTO products (processor_id, system_id, display_id, name, description, price, discount, stock, image, brand_id, model, ram_capacity, disk_capacity) VALUES (8, 3, 7, 'Acer Aspire Vero Intel Core I5 - 16GB', 'ACER trae para ti su línea de productos Vero, computadores diseñados con plástico reciclado posconsumo (PCR). Equipado con una pantalla IPS de 15.6" pulgadas FHD con ángulos de visión de 170 grados. Aspire Vero alcanza un promedio de 243,8 nits de brillo y una gama de colores DCI-P3 del 45,9%, así podrás visualizar una increíble precisión de colores. Tendrás a tú disposición una gran variedad de opciones de conectividad mediante el uso del puerto USB-C, que permite a los usuarios obtener una transferencia de datos muy rápida. Ayuda a disminuir el impacto medioambiental del planeta.', 3899000, 38, 10, '4711474145765-001-750Wx750H.webp', 4, 'AV14-52P-55EB', 16, 512);
INSERT INTO products (processor_id, system_id, display_id, name, description, price, discount, stock, image, brand_id, model, ram_capacity, disk_capacity) VALUES (20, 3, 18, 'ASUS Zenbook Duo Intel Core I9 - 32GB', 'El ASUS Zenbook Duo OLED un revolucionado portátil con dos pantallas táctiles OLED de 14" pulgadas cada una, equipada con un teclado desmontable magnético Bluetooth de tamaño completo, y un soporte integrado. Combinando expertamente versatilidad multitarea con una movilidad excepcional, las dos pantallas expanden instantáneamente el espacio de trabajo a hasta 19.8". El rendimiento excepcional está garantizado con el procesador Intel Core Ultra impulsado por Inteligencia Artificial (IA ) , combinado con software inteligente dedicado, control de gestos intuitivo y una batería de mayor capacidad.', 12499050, 33, 10, '4711387359761-001-750Wx750H.webp', 3, 'UX8406MA-PZ026W', 32, 1000);
INSERT INTO products (processor_id, system_id, display_id, name, description, price, discount, stock, image, brand_id, model, ram_capacity, disk_capacity) VALUES (20, 3, 19, 'ROG Zephyrus G16 Intel Core I9 - 32GB', 'Lleva el ASUS ROG Zephyrus G16 Juega y crea sobre la marcha con el poder de la renovada Zephyrus G16 2024. Equipada con un procesador Intel Core Ultra, una GPU para laptops NVIDIA GeForce RTX y una pantalla OLED sin competencia en su clase, esta máquina está lista para manejar fácilmente los últimos juegos y aplicaciones creativas en su chasis delgado, liviano, elegante y moderno como ninguna otra laptop gamer.', 15399050, 26, 10, '4711387370650-001-750Wx750H.webp', 7, 'GU605MI-QR049W', 32, 1000);
INSERT INTO products (processor_id, system_id, display_id, name, description, price, discount, stock, image, brand_id, model, ram_capacity, disk_capacity) VALUES (6, 2, 11, 'Acer Nitro Intel Core I5 - 16GB', 'ACER te invita a disfrutar el portátil gaming Nitro V15 diseñado para jugar, navegar, chatear, transmitir, editar y grabar sin perder el ritmo. Lleva tu experiencia de juego a otro nivel con nuestro increíble sonido más nítido gracias a sus altavoces que pueden emitir un entorno sonoro espacial en 3D, te permitirá escuchar de dónde vienen tus oponentes con una excelente precisión. Además, tendrás una potente pantalla FHD con RTX4050 para colores más vibrantes, gráficos más realistas y envolventes, tus partidas serán fluidas e inigualables.', 6999000, 37, 10, '4711474162410-001-750Wx750H.webp', 4, 'ANV15-51-56N2', 16, 512);
INSERT INTO products (processor_id, system_id, display_id, name, description, price, discount, stock, image, brand_id, model, ram_capacity, disk_capacity) VALUES (10, 2, 20, 'MSI Modern 14 F13MG Intel Core I5 - 16GB', 'Supera los retos diarios con el Portátil MSI Modern 14 F13MG. Su diseño delgado y liviano se adapta fácilmente a cualquier espacio, acompañándote a donde quiera que vayas. Potenciada con un procesador Intel Core y gráficos Iris Xe, ofrece un rendimiento excepcional con imágenes más fluidas. Trabaja a cualquier hora gracias a su teclado retroiluminado, que proporciona una experiencia cómoda y eficiente. Imagina, crea y visualiza en su pantalla Full HD de 14" pulgadas. Todo esto en un portátil con resistencia certificada.', 3699000, 43, 10, '4711377300087-001-750Wx750H.webp', 5, '9S7-14S121-285', 16, 512);
INSERT INTO products (processor_id, system_id, display_id, name, description, price, discount, stock, image, brand_id, model, ram_capacity, disk_capacity) VALUES (21, 2, 21, 'MSI Cyborg 15 AI A1V Intel Core I7 - 16GB', 'Con un diseño exterior mecanizado y futurista, el MSI Cyborg 15 AI A1V se presenta como el portátil para juegos más innovador y vanguardista potenciado con la NVIDIA RTX Serie 40. Disfruta de la generación de procesadores Intel Core Ultra serie H, que ofrece velocidades de procesamiento ultrarrápidas e incluye la primera Unidad de Procesamiento Neural (NPU) integrada enfocada en Inteligencia Artificial ( IA ), ideal para el Gaming, creación de contenido. Este portátil es tu entrada hacia una máxima experiencia de alto rendimiento.', 8999000, 26, 10, '4711377299824-005-750Wx750H.webp', 5, '9S7-15K211-235', 16, 512);
INSERT INTO products (processor_id, system_id, display_id, name, description, price, discount, stock, image, brand_id, model, ram_capacity, disk_capacity) VALUES (22, 1, 22, 'ASUS Zenbook S 16 AMD R9 - 32GB', 'El ASUS Zenbook S 16 OLED es el Portátil ultradelgado de 16" pulgadas de ASUS con inteligencia artificial. Combina rendimiento y sofisticación con un diseño premium y un chasis de Ceraluminum un material especialmente elaborado para una estética única y mayor resistencia. Incorpora el último procesador AMD Ryzen AI, una pantalla ASUS Lumina OLED 3K y audio envolvente de seis altavoces. Disfruta de una experiencia de alta calidad en movimiento.', 11569000, 34, 10, '4711387682586-001-750Wx750H.webp', 3, 'UM5606WA-RJ247W', 32, 1000);
INSERT INTO products (processor_id, system_id, display_id, name, description, price, discount, stock, image, brand_id, model, ram_capacity, disk_capacity) VALUES (23, 1, 23, 'ASUS ROG Strix G18 Intel Core I9 - 32GB', 'El ASUS ROG Strix G18 G815LR-S9015W es más que un simple portátil, es una declaración de poder y estilo en el mundo del gaming. Su diseño imponente y vanguardista refleja la pasión de los verdaderos jugadores, mientras que su construcción robusta promete acompañarte en cada batalla. Cada sesión de juego se transforma en una experiencia envolvente, donde la adrenalina y la emoción se fusionan, impulsándote a superar límites y alcanzar nuevas cimas en tu aventura digital.', 18999000, 24, 10, '4711387958520-001-750Wx750H.webp', 3, 'G815LR-S9015W', 32, 1000);